Parameter,ampgo,mcmc_mxl,mcmc_mxl_2sigma_plus,mcmc_mxl_2sigma_minus,mcmc_mode,mcmc_mode_hdi_plus,mcmc_mode_hdi_minus
Sofue(2021),408.9921563615983,345.37986887165493,3142.5431254680975,98.16114113126662,454.59887555976,1599.6125309569506,-302.06308596922213
Sofue(2021),1.7574232767006592,2.8972939082723532,4.716867013164536,0.4249983407814715,2.8448606559484992,0.9050121831276461,-0.9540770346800134
Sofue(2021),2856.0028321425675,2982.0562391715835,4589.453940874832,1884.0469039445352,3148.7684773135024,621.1780115208617,-672.9169060117019
Sofue(2021),4.154583710898477,4.466536865791346,9.514829768483946,3.2448879058775284,3.9209951437376707,2.633219952454142,-0.6265060385627392
Sofue(2021),0.3509986069765285,0.3802783811817876,0.8157346154449269,0.229003177470188,0.39860940416366586,0.11593109924984113,-0.12401578837233818
Sofue(2021),1017.9992595179236,393.2662826548533,3575.666472457519,310.6906597102843,1660.7735557604965,881.8166818013156,-1060.3161399325122
Sofue(2021),3.0555006262378193,1.3126229127565638,9.825987535787357,1.1723694449062574,9.555332188699262,0.4365979087411631,-4.81182900722964
Sofue(2021),62.44680495210897,76.82732557627645,195.17664189608482,30.629286695126915,69.77862989533804,83.2847021788206,-31.38032238077686
